<?xml version="1.0" encoding="UTF-8" standalone="yes"?>
<addon id="plugin.video.playlistloader" name="Vizio" version="1.1.8" provider-name="Lecteur de Liste M3U par Ludo Potte">
  <requires>
    <import addon="xbmc.python" version="3.0.0"/>
    <import addon="script.module.requests" version="2.22.0"/>
    <import addon="script.module.dateutil" version="2.8.1"/>
    <import addon="inputstream.adaptive"/>    
  </requires>
  <extension point="xbmc.python.pluginsource" library="default.py">
    <provides>video</provides>
  </extension>
  <extension point="xbmc.addon.metadata">
    <summary lang="en_GB">Playlist Loader</summary>
    <summary lang="de_DE">Playlist Loader</summary>
    <description lang="en_GB">Manage your various playlists in a simple way.[CR]EPG support for xmltv.[CR][CR]Note:[CR]This addon does not contain any illegal content. Should you add any illegal content, you are fully responsible for any consequences.</description>
    <description lang="de_DE">Verwalte auf einfache Art und Weise deine verschiedenen Playlisten.[CR]Unterstützt EPG für XMLTV.[CR][CR]Hinweis:[CR]Dieses Addon enthält keine illegalen Inhalte. Solltest du irgendwelche illegalen Inhalte hinzufügen, bist du im vollen Umfang für eventuelle Folgen verantwortlich.</description>
    <description lang="ru_RU">Дополнение для управления плейлистами.[CR][CR]Замечание:[CR]Это дополнение не содержит нелегального контента. Вы несете полную ответственность, если используете любой нелегальный контент.</description>
    <language>en de</language>
    <platform>all</platform>
    <source>https://github.com/Publish3r/repository.kodi.matrix/tree/main/plugin.video.playlistloader</source>
    <assets>
        <icon>icon.png</icon>
    </assets>
  </extension>
</addon>
