<?xml version="1.0" encoding="UTF-8" standalone="yes"?>
<addon id="script.module.dnspython"
       name="DNS Python"
	   version="1.12.3"
	   provider-name="dnspython">
  <requires>
    <import addon="xbmc.python" version="3.0.0"/>
  </requires>
  <extension point="xbmc.python.module" library="lib/dns" />
  <extension point="xbmc.addon.metadata">
	<summary>A Pure Python DNS module</summary>
	<description>A Pure Python DNS module</description>
	<disclaimer lang="en"></disclaimer>
	<language>en</language>
    <platform>all</platform>
	<license>BSD-style license</license>
	<forum></forum>
	<website>http://www.dnspython.org/</website>
	<email></email>
	<source>https://github.com/Arias800/script.module.dnspython/</source>
  </extension>
</addon>
