<?xml version="1.0" encoding="UTF-8"?>
<addon id="plugin.program.dnsleaktest"
       version="1.1.2"
       name="Blokada"
       provider-name="Space2Walker & Ludo Potte">
    <requires>
        <import addon="xbmc.python" version="3.0.0"/>
        <import addon="script.module.requests" version="2.22.0"/>
    </requires>
    <extension point="xbmc.python.pluginsource" library="main.py">
        <provides>executable</provides>
    </extension>
    <extension point="xbmc.addon.metadata">
        <summary lang="en">DNS Leak-Test Plugin for Kodi</summary>
        <summary lang="de">DNS Leak-Test Plugin für Kodi</summary>
        <description lang="en_GB">This addon carries out a Blokada test on "https://blokada.org"! The base code is from "https://github.com/ludopotte/Kodi".</description>
        <description lang="de_DE">Dieses Addon führt einen DNS Leak-Test auf "https://blokada.org" durch! Der Basis Code ist von "https://github.com/ludopotte/Kodi".</description>
        <disclaimer lang="en_GB">This addon does not guarantee the correctness of the data.</disclaimer>
        <disclaimer lang="de_DE">Dieses Addon übernimmt keine Gewährleistung für die richtigkeit der Daten.</disclaimer>
        <platform>all</platform>
        <license>GPL-3.0</license>
        <website>https://bash.ws</website>
        <source>https://github.com/Space2Walker/plugin.program.dnsleaktest</source>
        <assets>
            <icon>resources/icon.png</icon>
            <fanart>resources/fanart.jpg</fanart>
        </assets>
        <news>
            v1.1.2 (16/10/2020)
            - German translation
            - new Artwork

            v1.1.1 (03/22/2019)
            - should now work on all Platforms
            - cmd pop-ups on Windows gone
        </news>
    </extension>
</addon>
